Codon Sites,P(ω1 > ω2),P(ω2 > ω1),P(ω1 > 1),P(ω2 > 1),mean(α),mean(ω1),mean(ω2)
1,0.426,0.46,0.215,0.2525,0.401539061766234,1.1083236258863967,1.3570818811070997
2,0.8655,0.0775,0.8555,0.2465,0.3746067782353345,5.129557483844344,1.2837862412929426
3,0.0055,0.98,0.124,0.977,0.4989537585525752,0.6069324198224241,7.391615185334781
4,0.683,0.2155,0.1795,0.0745,1.5910402895271092,0.8534582198100041,0.4279237149580095
5,0.2085,0.589,0.815,0.9005,1.1697627444075382,3.5363104003978942,5.137829341518425
6,0.427,0.4745,0.2365,0.274,0.5106985025440741,1.2903837260745368,1.4738048741804413
7,0.4195,0.4785,0.29,0.3345,0.13789909796817362,1.5549042888985896,1.8087833061550098
8,0.623,0.203,0.8685,0.64,0.5831134834694929,5.088803369788411,3.191264531283258
9,0.0855,0.8555,0.1155,0.611,0.6536906683920294,0.5528523635815192,3.059605405644528
10,0.0875,0.8515,0.194,0.757,0.2773802887594213,0.9446123227030283,4.519311022897378
11,0.2885,0.55,0.0255,0.085,3.632803068750557,0.3085002392806755,0.525566547066215
12,0.325,0.5355,0.5785,0.7035,0.4158453702323043,2.904106261851264,3.9362254261286336
13,0.0165,0.964,0.146,0.928,0.4189814840211066,0.6823983788939374,6.3069652678648485
14,0.6925,0.183,0.119,0.041,1.943533963437586,0.6288998449859634,0.29101935706838367
15,0.9165,0.0335,0.4265,0.047,1.6646238680340761,1.7532705703267402,0.32135103694554623
16,0.649,0.216,0.065,0.027,2.600981241244426,0.45726994256415604,0.24050798881537058
17,0.4225,0.4915,0.263,0.319,0.15558240310814656,1.3748516117067615,1.7018066351262524
18,0.6835,0.1835,0.114,0.045,2.387572144960962,0.6625625110449993,0.30959322594207495
19,0.3545,0.4285,0.533,0.56,1.6627787655796245,2.0303337415874383,2.377143156958407
