dataset,difFUBAR_0.75,contrastFEL_0.95,purity
epidermal_leaf,85,29,0.9217391304347826
hiv_envelope,93,39,0.421455938697318
rubisco_C3_vs_C4,43,15,0.6946778711484594
hivRT,62,15,0.002103049421661409
