Dataset,contrastFEL_time,difFUBAR_time,purity,speedup
epidermal_leaf,840.409,87.956,0.9217391304347826,9.554879712583563
hiv_envelope,7145.725,736.846,0.421455938697318,9.697718383488544
rubisco_C3_vs_C4,1934.912,463.166,0.6946778711484594,4.177577801479384
hivRT,8888.309,3138.18,0.002103049421661409,2.832313315361133
hivRT_pure,11289.889,225.868,0.9968454258675079,49.98445552269467
rubisco_reroot,2039.579,453.654,0.7002801120448179,4.495891141707116
