Codon Sites,P(ω1 > ω2),P(ω2 > ω1),P(ω1 > 1),P(ω2 > 1),mean(α),mean(ω1),mean(ω2)
1,0.407,0.484,0.223,0.261,0.3525317705833058,1.1768827227010346,1.4163350686471152
2,0.407,0.484,0.223,0.261,0.3525317705833058,1.1768827227010346,1.4163350686471152
3,0.8815,0.06,0.8585,0.243,0.36743036840983523,5.420769648753291,1.252098041421394
4,0.0055,0.9835,0.13,0.98,0.5078002466708548,0.6197203876547853,7.294335422501213
5,0.6755,0.2145,0.176,0.072,1.632561986084775,0.8988101608539297,0.42662188074275376
6,0.187,0.5835,0.803,0.9075,1.1533682456312373,3.5837971184794633,5.295719571469319
7,0.4115,0.485,0.2305,0.2755,0.5265662752256517,1.2438456740216857,1.5266104764428716
8,0.416,0.497,0.273,0.3375,0.1438784487971218,1.450666323257189,1.865166425711751
9,0.629,0.2085,0.8755,0.6275,0.556391570238851,5.069670638749049,3.3300184199620624
10,0.0885,0.856,0.104,0.597,0.6985254390003318,0.547315301811804,3.0827071597182423
11,0.072,0.869,0.176,0.7595,0.2714000425883593,0.8815059896118392,4.5464694644384
12,0.2815,0.543,0.0235,0.095,3.610935393255713,0.30889288583165886,0.546757820363109
13,0.3425,0.531,0.5765,0.676,0.4188907026393906,2.907357085609374,3.816162523564381
14,0.0225,0.9575,0.1375,0.918,0.4416514263738518,0.6700458208294654,6.357522715125833
15,0.6965,0.1915,0.122,0.036,1.9681587016175959,0.6800213922226538,0.29231913957665817
16,0.9125,0.0315,0.4195,0.042,1.6144577482813964,1.7635549694505042,0.29340550058159365
17,0.671,0.2015,0.053,0.026,2.589280158574195,0.42346336641864757,0.2253986105546885
18,0.4275,0.489,0.279,0.325,0.15237754630636122,1.4574192852273162,1.6635191304722718
19,0.6845,0.1805,0.1095,0.04,2.412201023825244,0.6342071496513739,0.27984606393752237
20,0.3555,0.442,0.521,0.5615,1.6897041775312176,2.054770893069458,2.4061286856467836
